"metro_station","next_dist"
"中山",567.656880873855
"士林",966.537893615898
"北投",687.457889956981
"古亭",821.482825496233
"北門",512.321365522758
"松山",742.114262614521
"大橋頭",667.064144532519
